{
  "display": {
    "icon": {
      "id": "minecraft:stonecutter"
    },
    "title": "MasterCutter",
    "description": [
      {
        "text": "Adds more than 500 recipes to the stonecutter, making it able to also cut wood, recycle various blocks and more!\n",
      "color": "gold"
      },
      {
        "text": "By Nico4play",
        "color": "dark_aqua"
      }
    ],
    "show_toast": false,
    "announce_to_chat": false
  },
  "parent": "global:root",
  "criteria": {
    "trigger": {
      "trigger": "minecraft:tick"
    }
  }
}