{
    "parent": "minecraft:adventure/root",
    "criteria": {
        "enchanted_golden_apple": {
            "trigger": "minecraft:inventory_changed",
            "conditions": {
                "items": [
                    {
                        "items": "minecraft:enchanted_golden_apple"
                    }
                ]
            }
        }
    },
    "display": {
        "icon": {
            "id": "minecraft:enchanted_golden_apple"
        },
        "title": {
            "translate": "Ace Apple"
        },
        "description": {
            "translate": "Hold an enchanted golden apple."
        }
    },
    "requirements": [
        [
            "enchanted_golden_apple"
        ]
    ]
}