{
    "parent": "minecraft:recipes/root",
    "rewards": {
        "recipes": [
            "crafting:alt_recovery_compass_1",
            "crafting:alt_recovery_compass_2"
        ]
    },
    "criteria": {
        "has_diamond": {
            "trigger": "minecraft:inventory_changed",
            "conditions": {
                "items": [
                    {
                        "item": "minecraft:diamond"
                    }
                ]
            }
        },
        "has_iron_ingot": {
            "trigger": "minecraft:inventory_changed",
            "conditions": {
                "items": [
                    {
                        "item": "minecraft:iron_ingot"
                    }
                ]
            }
        },
        "has_recipe": {
            "trigger": "minecraft:recipe_unlocked",
            "conditions": {
                "recipe": "crafting:alt_recovery_compass_1"
            }
        }
    },
    "requirements": [
        [
            "has_diamond",
            "has_iron_ingot",
            "has_recipe"
        ]
    ]
}