{
    "parent": "minecraft:recipes/root",
    "rewards": {
        "recipes": [
            "crafting:bell"
        ]
    },
    "criteria": {
        "has_gold_ingot": {
            "trigger": "minecraft:inventory_changed",
            "conditions": {
                "items": [
                    {
                        "item": "minecraft:gold_ingot"
                    }
                ]
            }
        },
        "has_gold_nugget": {
            "trigger": "minecraft:inventory_changed",
            "conditions": {
                "items": [
                    {
                        "item": "minecraft:gold_nugget"
                    }
                ]
            }
        },
        "has_stick": {
            "trigger": "minecraft:inventory_changed",
            "conditions": {
                "items": [
                    {
                        "item": "minecraft:stick"
                    }
                ]
            }
        },
        "has_recipe": {
            "trigger": "minecraft:recipe_unlocked",
            "conditions": {
                "recipe": "crafting:bell"
            }
        }
    },
    "requirements": [
        [
            "has_gold_ingot",
            "has_gold_nugget",
            "has_stick",
            "has_recipe"
        ]
    ]
}