{
    "parent": "minecraft:recipes/root",
    "rewards": {
        "recipes": [
            "crafting:calcite"
        ]
    },
    "criteria": {
        "has_dripstone_block": {
            "trigger": "minecraft:inventory_changed",
            "conditions": {
                "items": [
                    {
                        "item": "minecraft:dripstone_block"
                    }
                ]
            }
        },
        "has_quartz": {
            "trigger": "minecraft:inventory_changed",
            "conditions": {
                "items": [
                    {
                        "item": "minecraft:quartz"
                    }
                ]
            }
        },
        "has_recipe": {
            "trigger": "minecraft:recipe_unlocked",
            "conditions": {
                "recipe": "crafting:calcite"
            }
        }
    },
    "requirements": [
        [
            "has_dripstone_block",
            "has_quartz",
            "has_recipe"
        ]
    ]
}