{
    "parent": "minecraft:recipes/root",
    "rewards": {
        "recipes": [
            "crafting:copper_powered_rails"
        ]
    },
    "criteria": {
        "has_copper_ingot": {
            "trigger": "minecraft:inventory_changed",
            "conditions": {
                "items": [
                    {
                        "item": "minecraft:copper_ingot"
                    }
                ]
            }
        },
        "has_stick": {
            "trigger": "minecraft:inventory_changed",
            "conditions": {
                "items": [
                    {
                        "item": "minecraft:stick"
                    }
                ]
            }
        },
        "has_redstone": {
            "trigger": "minecraft:inventory_changed",
            "conditions": {
                "items": [
                    {
                        "item": "minecraft:redstone"
                    }
                ]
            }
        },
        "has_recipe": {
            "trigger": "minecraft:recipe_unlocked",
            "conditions": {
                "recipe": "crafting:copper_powered_rails"
            }
        }
    },
    "requirements": [
        [
            "has_copper_ingot",
            "has_stick",
            "has_redstone",
            "has_recipe"
        ]
    ]
}