{
  "criteria": {
    "requirement": {
      "trigger": "minecraft:inventory_changed",
      "conditions": {
        "items": [
          {
            "items": "minecraft:mossy_stone_bricks"
          }
        ]
      }
    }
  },
  "rewards": {
    "recipes": [
      "master_cutter:stone/mossy_stone_brick/mossy_stone_brick_slab_from_mossy_stone_brick_stairs",
      "master_cutter:stone/mossy_stone_brick/mossy_stone_brick_wall_from_mossy_stone_brick_stairs",
      "master_cutter:stone/mossy_stone_brick/mossy_stone_bricks_from_mossy_stone_brick_stairs"
    ]
  }
}