{
  "criteria": {
    "requirement": {
      "trigger": "minecraft:inventory_changed",
      "conditions": {
        "items": [
          {
            "items": "minecraft:nether_bricks"
          }
        ]
      }
    }
  },
  "rewards": {
    "recipes": [
      "master_cutter:stone/nether_bricks/cracked_nether_bricks_from_stonecutting",
      "master_cutter:stone/nether_bricks/nether_brick_fence_from_stonecutting",
      "master_cutter:stone/nether_bricks/nether_brick_from_stonecutting",
      "master_cutter:stone/nether_bricks/nether_brick_slab_from_stonecutting_1",
      "master_cutter:stone/nether_bricks/nether_brick_slab_from_stonecutting_2",
      "master_cutter:stone/nether_bricks/nether_brick_stairs_from_stonecutting",
      "master_cutter:stone/nether_bricks/nether_brick_wall_from_stonecutting",
      "master_cutter:stone/nether_bricks/nether_bricks_from_stonecutting"
    ]
  }
}
